dataset,n,resTubo,metodo,tiempo
peor-caso-BT,1,9,FB,0.000726
peor-caso-BT,2,18,FB,0.000731
peor-caso-BT,3,29,FB,0.000764
peor-caso-BT,4,37,FB,0.000823
peor-caso-BT,5,45,FB,0.000889
peor-caso-BT,6,58,FB,0.001035
peor-caso-BT,7,67,FB,0.001218
peor-caso-BT,8,74,FB,0.001532
peor-caso-BT,9,86,FB,0.001954
peor-caso-BT,10,95,FB,0.002907
peor-caso-BT,11,103,FB,0.004717
peor-caso-BT,12,108,FB,0.007967
peor-caso-BT,13,127,FB,0.015131
peor-caso-BT,14,126,FB,0.028277
peor-caso-BT,15,139,FB,0.055305
peor-caso-BT,16,152,FB,0.109882
peor-caso-BT,17,163,FB,0.21222
peor-caso-BT,18,178,FB,0.42846
peor-caso-BT,19,189,FB,0.843025
peor-caso-BT,20,195,FB,1.68604
peor-caso-BT,21,197,FB,3.38033
peor-caso-BT,22,209,FB,6.79211
peor-caso-BT,23,222,FB,13.4785
peor-caso-BT,24,233,FB,26.7335
peor-caso-BT,25,228,FB,53.6895
entran-muchos-BT,1,9,FB,0.000721
entran-muchos-BT,2,18,FB,0.000765
entran-muchos-BT,3,28,FB,0.000777
entran-muchos-BT,4,37,FB,0.000835
entran-muchos-BT,5,45,FB,0.0009
entran-muchos-BT,6,57,FB,0.00102
entran-muchos-BT,7,69,FB,0.001119
entran-muchos-BT,8,75,FB,0.001373
entran-muchos-BT,9,82,FB,0.001829
entran-muchos-BT,10,92,FB,0.002696
entran-muchos-BT,11,104,FB,0.004435
entran-muchos-BT,12,115,FB,0.007901
entran-muchos-BT,13,118,FB,0.014817
entran-muchos-BT,14,139,FB,0.028863
entran-muchos-BT,15,148,FB,0.056257
entran-muchos-BT,16,144,FB,0.111418
entran-muchos-BT,17,167,FB,0.221406
entran-muchos-BT,18,172,FB,0.440089
entran-muchos-BT,19,185,FB,0.883828
entran-muchos-BT,20,193,FB,1.76029
entran-muchos-BT,21,200,FB,3.54723
entran-muchos-BT,22,213,FB,7.06186
entran-muchos-BT,23,213,FB,14.1051
entran-muchos-BT,24,229,FB,28.2253
entran-muchos-BT,25,234,FB,56.4415
entran-pocos-BT,1,9,FB,0.000748
entran-pocos-BT,2,18,FB,0.00077
entran-pocos-BT,3,28,FB,0.000817
entran-pocos-BT,4,36,FB,0.000856
entran-pocos-BT,5,45,FB,0.000903
entran-pocos-BT,6,58,FB,0.001013
entran-pocos-BT,7,64,FB,0.001131
entran-pocos-BT,8,78,FB,0.001309
entran-pocos-BT,9,85,FB,0.001712
entran-pocos-BT,10,94,FB,0.002489
entran-pocos-BT,11,105,FB,0.00418
entran-pocos-BT,12,117,FB,0.007346
entran-pocos-BT,13,129,FB,0.013674
entran-pocos-BT,14,130,FB,0.026219
entran-pocos-BT,15,144,FB,0.051302
entran-pocos-BT,16,157,FB,0.101351
entran-pocos-BT,17,165,FB,0.201548
entran-pocos-BT,18,175,FB,0.402232
entran-pocos-BT,19,174,FB,0.802464
entran-pocos-BT,20,184,FB,1.60411
entran-pocos-BT,21,203,FB,3.21313
entran-pocos-BT,22,200,FB,6.42485
entran-pocos-BT,23,211,FB,12.8626
entran-pocos-BT,24,227,FB,26.0342
entran-pocos-BT,25,242,FB,52.0413
peor-caso-BT,1,9,BT,0.000781
peor-caso-BT,2,18,BT,0.000811
peor-caso-BT,3,29,BT,0.000858
peor-caso-BT,4,37,BT,0.000922
peor-caso-BT,5,45,BT,0.000904
peor-caso-BT,6,58,BT,0.001073
peor-caso-BT,7,67,BT,0.001196
peor-caso-BT,8,74,BT,0.001478
peor-caso-BT,9,86,BT,0.001925
peor-caso-BT,10,95,BT,0.002256
peor-caso-BT,11,103,BT,0.003737
peor-caso-BT,12,108,BT,0.005598
peor-caso-BT,13,127,BT,0.009009
peor-caso-BT,14,126,BT,0.014854
peor-caso-BT,15,139,BT,0.027399
peor-caso-BT,16,152,BT,0.045638
peor-caso-BT,17,163,BT,0.075551
peor-caso-BT,18,178,BT,0.203963
peor-caso-BT,19,189,BT,0.283998
peor-caso-BT,20,195,BT,0.518246
peor-caso-BT,21,197,BT,1.05608
peor-caso-BT,22,209,BT,2.48082
peor-caso-BT,23,222,BT,4.01397
peor-caso-BT,24,233,BT,7.61749
peor-caso-BT,25,228,BT,13.7376
entran-muchos-BT,1,9,BT,0.000763
entran-muchos-BT,2,18,BT,0.000788
entran-muchos-BT,3,28,BT,0.000816
entran-muchos-BT,4,37,BT,0.000814
entran-muchos-BT,5,45,BT,0.000845
entran-muchos-BT,6,57,BT,0.000838
entran-muchos-BT,7,69,BT,0.000904
entran-muchos-BT,8,75,BT,0.001057
entran-muchos-BT,9,82,BT,0.001095
entran-muchos-BT,10,92,BT,0.001149
entran-muchos-BT,11,104,BT,0.001206
entran-muchos-BT,12,115,BT,0.001242
entran-muchos-BT,13,118,BT,0.001274
entran-muchos-BT,14,139,BT,0.002936
entran-muchos-BT,15,148,BT,0.003174
entran-muchos-BT,16,144,BT,0.003949
entran-muchos-BT,17,167,BT,0.005086
entran-muchos-BT,18,172,BT,0.004716
entran-muchos-BT,19,185,BT,0.006575
entran-muchos-BT,20,193,BT,0.023892
entran-muchos-BT,21,200,BT,0.02746
entran-muchos-BT,22,213,BT,0.008788
entran-muchos-BT,23,213,BT,0.039178
entran-muchos-BT,24,229,BT,0.048088
entran-muchos-BT,25,234,BT,0.053696
entran-pocos-BT,1,9,BT,0.000786
entran-pocos-BT,2,18,BT,0.000804
entran-pocos-BT,3,28,BT,0.000823
entran-pocos-BT,4,36,BT,0.000846
entran-pocos-BT,5,45,BT,0.000856
entran-pocos-BT,6,58,BT,0.000859
entran-pocos-BT,7,64,BT,0.000837
entran-pocos-BT,8,78,BT,0.000832
entran-pocos-BT,9,85,BT,0.00081
entran-pocos-BT,10,94,BT,0.000801
entran-pocos-BT,11,105,BT,0.001114
entran-pocos-BT,12,117,BT,0.001189
entran-pocos-BT,13,129,BT,0.001201
entran-pocos-BT,14,130,BT,0.001231
entran-pocos-BT,15,144,BT,0.001279
entran-pocos-BT,16,157,BT,0.001357
entran-pocos-BT,17,165,BT,0.001424
entran-pocos-BT,18,175,BT,0.001501
entran-pocos-BT,19,174,BT,0.001566
entran-pocos-BT,20,184,BT,0.001643
entran-pocos-BT,21,203,BT,0.005051
entran-pocos-BT,22,200,BT,0.006675
entran-pocos-BT,23,211,BT,0.00766
entran-pocos-BT,24,227,BT,0.008551
entran-pocos-BT,25,242,BT,0.009541
mejor-caso-BT-F,1,10,BT,0.000791
mejor-caso-BT-F,1,10,BT-F,0.000809
mejor-caso-BT-F,1,10,BT-O,0.000862
mejor-caso-BT-F,2,20,BT,0.000829
mejor-caso-BT-F,2,20,BT-F,0.000847
mejor-caso-BT-F,2,20,BT-O,0.000926
mejor-caso-BT-F,3,30,BT,0.000816
mejor-caso-BT-F,3,30,BT-F,0.000822
mejor-caso-BT-F,3,30,BT-O,0.000944
mejor-caso-BT-F,4,40,BT,0.000841
mejor-caso-BT-F,4,40,BT-F,0.000835
mejor-caso-BT-F,4,40,BT-O,0.000999
mejor-caso-BT-F,5,50,BT,0.000832
mejor-caso-BT-F,5,50,BT-F,0.000855
mejor-caso-BT-F,5,50,BT-O,0.001095
mejor-caso-BT-F,6,60,BT,0.000808
mejor-caso-BT-F,6,60,BT-F,0.000837
mejor-caso-BT-F,6,60,BT-O,0.001249
mejor-caso-BT-F,7,70,BT,0.000834
mejor-caso-BT-F,7,70,BT-F,0.00085
mejor-caso-BT-F,7,70,BT-O,0.001424
mejor-caso-BT-F,8,80,BT,0.000823
mejor-caso-BT-F,8,80,BT-F,0.00083
mejor-caso-BT-F,8,80,BT-O,0.001806
mejor-caso-BT-F,9,90,BT,0.000794
mejor-caso-BT-F,9,90,BT-F,0.000846
mejor-caso-BT-F,9,90,BT-O,0.002566
mejor-caso-BT-F,10,100,BT,0.000814
mejor-caso-BT-F,10,100,BT-F,0.000864
mejor-caso-BT-F,10,100,BT-O,0.003987
mejor-caso-BT-F,11,110,BT,0.000875
mejor-caso-BT-F,11,110,BT-F,0.000901
mejor-caso-BT-F,11,110,BT-O,0.00689
mejor-caso-BT-F,12,120,BT,0.000818
mejor-caso-BT-F,12,120,BT-F,0.000845
mejor-caso-BT-F,12,120,BT-O,0.012642
mejor-caso-BT-F,13,130,BT,0.000847
mejor-caso-BT-F,13,130,BT-F,0.00086
mejor-caso-BT-F,13,130,BT-O,0.023965
mejor-caso-BT-F,14,140,BT,0.00084
mejor-caso-BT-F,14,140,BT-F,0.000895
mejor-caso-BT-F,14,140,BT-O,0.046671
mejor-caso-BT-F,15,150,BT,0.000869
mejor-caso-BT-F,15,150,BT-F,0.000904
mejor-caso-BT-F,15,150,BT-O,0.091896
mejor-caso-BT-F,16,160,BT,0.000878
mejor-caso-BT-F,16,160,BT-F,0.000884
mejor-caso-BT-F,16,160,BT-O,0.183155
mejor-caso-BT-F,17,170,BT,0.000862
mejor-caso-BT-F,17,170,BT-F,0.000862
mejor-caso-BT-F,17,170,BT-O,0.366846
mejor-caso-BT-F,18,180,BT,0.000864
mejor-caso-BT-F,18,180,BT-F,0.000911
mejor-caso-BT-F,18,180,BT-O,0.732422
mejor-caso-BT-F,19,190,BT,0.0009
mejor-caso-BT-F,19,190,BT-F,0.000922
mejor-caso-BT-F,19,190,BT-O,1.46318
mejor-caso-BT-F,20,200,BT,0.000871
mejor-caso-BT-F,20,200,BT-F,0.000899
mejor-caso-BT-F,20,200,BT-O,2.9226
mejor-caso-BT-F,21,210,BT,0.000898
mejor-caso-BT-F,21,210,BT-F,0.000906
mejor-caso-BT-F,21,210,BT-O,5.80661
mejor-caso-BT-F,22,220,BT,0.000927
mejor-caso-BT-F,22,220,BT-F,0.000912
mejor-caso-BT-F,22,220,BT-O,11.6016
mejor-caso-BT-F,23,230,BT,0.000923
mejor-caso-BT-F,23,230,BT-F,0.000975
mejor-caso-BT-F,23,230,BT-O,23.2241
mejor-caso-BT-F,24,240,BT,0.000957
mejor-caso-BT-F,24,240,BT-F,0.000979
mejor-caso-BT-F,24,240,BT-O,46.466
mejor-caso-BT-F,25,250,BT,0.00096
mejor-caso-BT-F,25,250,BT-F,0.000933
mejor-caso-BT-F,25,250,BT-O,92.8039
mejor-caso-BT-F,26,260,BT,0.000938
mejor-caso-BT-F,26,260,BT-F,0.000953
mejor-caso-BT-F,26,260,BT-O,185.454
mejor-caso-BT-F,27,270,BT,0.001012
mejor-caso-BT-F,27,270,BT-F,0.001045
mejor-caso-BT-F,28,280,BT,0.000997
mejor-caso-BT-F,28,280,BT-F,0.000994
mejor-caso-BT-F,29,290,BT,0.00098
mejor-caso-BT-F,29,290,BT-F,0.001002
mejor-caso-BT-F,30,300,BT,0.001009
mejor-caso-BT-F,30,300,BT-F,0.000994
mejor-caso-BT-F,31,310,BT,0.000994
mejor-caso-BT-F,31,310,BT-F,0.000996
mejor-caso-BT-F,32,320,BT,0.001024
mejor-caso-BT-F,32,320,BT-F,0.001034
mejor-caso-BT-F,33,330,BT,0.001022
mejor-caso-BT-F,33,330,BT-F,0.001068
mejor-caso-BT-F,34,340,BT,0.001037
mejor-caso-BT-F,34,340,BT-F,0.001065
mejor-caso-BT-F,35,350,BT,0.001028
mejor-caso-BT-F,35,350,BT-F,0.001038
mejor-caso-BT-F,36,360,BT,0.001027
mejor-caso-BT-F,36,360,BT-F,0.00109
mejor-caso-BT-F,37,370,BT,0.001033
mejor-caso-BT-F,37,370,BT-F,0.001053
mejor-caso-BT-F,38,380,BT,0.001092
mejor-caso-BT-F,38,380,BT-F,0.001104
mejor-caso-BT-F,39,390,BT,0.001104
mejor-caso-BT-F,39,390,BT-F,0.00111
mejor-caso-BT-F,40,400,BT,0.001064
mejor-caso-BT-F,40,400,BT-F,0.001119
mejor-caso-BT-F,41,410,BT,0.001087
mejor-caso-BT-F,41,410,BT-F,0.001152
mejor-caso-BT-F,42,420,BT,0.001135
mejor-caso-BT-F,42,420,BT-F,0.001143
mejor-caso-BT-F,43,430,BT,0.0011
mejor-caso-BT-F,43,430,BT-F,0.001109
mejor-caso-BT-F,44,440,BT,0.001088
mejor-caso-BT-F,44,440,BT-F,0.001155
mejor-caso-BT-F,45,450,BT,0.001161
mejor-caso-BT-F,45,450,BT-F,0.001187
mejor-caso-BT-F,46,460,BT,0.001134
mejor-caso-BT-F,46,460,BT-F,0.001191
mejor-caso-BT-F,47,470,BT,0.001175
mejor-caso-BT-F,47,470,BT-F,0.001194
mejor-caso-BT-F,48,480,BT,0.001187
mejor-caso-BT-F,48,480,BT-F,0.001197
mejor-caso-BT-F,49,490,BT,0.001178
mejor-caso-BT-F,49,490,BT-F,0.001212
mejor-caso-BT-F,50,500,BT,0.001143
mejor-caso-BT-F,50,500,BT-F,0.001191
mejor-caso-BT-F,51,510,BT,0.001172
mejor-caso-BT-F,51,510,BT-F,0.001187
mejor-caso-BT-F,52,520,BT,0.001234
mejor-caso-BT-F,52,520,BT-F,0.001256
mejor-caso-BT-F,53,530,BT,0.001339
mejor-caso-BT-F,53,530,BT-F,0.001272
mejor-caso-BT-F,54,540,BT,0.001293
mejor-caso-BT-F,54,540,BT-F,0.001232
mejor-caso-BT-F,55,550,BT,0.001263
mejor-caso-BT-F,55,550,BT-F,0.001289
mejor-caso-BT-F,56,560,BT,0.001252
mejor-caso-BT-F,56,560,BT-F,0.001292
mejor-caso-BT-F,57,570,BT,0.001353
mejor-caso-BT-F,57,570,BT-F,0.001303
mejor-caso-BT-F,58,580,BT,0.001237
mejor-caso-BT-F,58,580,BT-F,0.001281
mejor-caso-BT-F,59,590,BT,0.001236
mejor-caso-BT-F,59,590,BT-F,0.001241
mejor-caso-BT-F,60,600,BT,0.001213
mejor-caso-BT-F,60,600,BT-F,0.001252
mejor-caso-BT-F,61,610,BT,0.001257
mejor-caso-BT-F,61,610,BT-F,0.001286
mejor-caso-BT-F,62,620,BT,0.001301
mejor-caso-BT-F,62,620,BT-F,0.001325
mejor-caso-BT-F,63,630,BT,0.00132
mejor-caso-BT-F,63,630,BT-F,0.001311
mejor-caso-BT-F,64,640,BT,0.001376
mejor-caso-BT-F,64,640,BT-F,0.001375
mejor-caso-BT-F,65,650,BT,0.00137
mejor-caso-BT-F,65,650,BT-F,0.001399
mejor-caso-BT-F,66,660,BT,0.001379
mejor-caso-BT-F,66,660,BT-F,0.00135
mejor-caso-BT-F,67,670,BT,0.001312
mejor-caso-BT-F,67,670,BT-F,0.001365
mejor-caso-BT-F,68,680,BT,0.001313
mejor-caso-BT-F,68,680,BT-F,0.001378
mejor-caso-BT-F,69,690,BT,0.001367
mejor-caso-BT-F,69,690,BT-F,0.00139
mejor-caso-BT-F,70,700,BT,0.00132
mejor-caso-BT-F,70,700,BT-F,0.001334
mejor-caso-BT-F,71,710,BT,0.001368
mejor-caso-BT-F,71,710,BT-F,0.001373
mejor-caso-BT-F,72,720,BT,0.001296
mejor-caso-BT-F,72,720,BT-F,0.001304
mejor-caso-BT-F,73,730,BT,0.001314
mejor-caso-BT-F,73,730,BT-F,0.001366
mejor-caso-BT-F,74,740,BT,0.001352
mejor-caso-BT-F,74,740,BT-F,0.001393
mejor-caso-BT-F,75,750,BT,0.001333
mejor-caso-BT-F,75,750,BT-F,0.00131
mejor-caso-BT-F,76,760,BT,0.001296
mejor-caso-BT-F,76,760,BT-F,0.001301
mejor-caso-BT-F,77,770,BT,0.001291
mejor-caso-BT-F,77,770,BT-F,0.001364
mejor-caso-BT-F,78,780,BT,0.001316
mejor-caso-BT-F,78,780,BT-F,0.001397
mejor-caso-BT-F,79,790,BT,0.00134
mejor-caso-BT-F,79,790,BT-F,0.001356
mejor-caso-BT-F,80,800,BT,0.001324
mejor-caso-BT-F,80,800,BT-F,0.001332
mejor-caso-BT-F,81,810,BT,0.001383
mejor-caso-BT-F,81,810,BT-F,0.001347
mejor-caso-BT-F,82,820,BT,0.001409
mejor-caso-BT-F,82,820,BT-F,0.0014
mejor-caso-BT-F,83,830,BT,0.001335
mejor-caso-BT-F,83,830,BT-F,0.001456
mejor-caso-BT-F,84,840,BT,0.001381
mejor-caso-BT-F,84,840,BT-F,0.001552
mejor-caso-BT-F,85,850,BT,0.001489
mejor-caso-BT-F,85,850,BT-F,0.001532
mejor-caso-BT-F,86,860,BT,0.001542
mejor-caso-BT-F,86,860,BT-F,0.001499
mejor-caso-BT-F,87,870,BT,0.001455
mejor-caso-BT-F,87,870,BT-F,0.001497
mejor-caso-BT-F,88,880,BT,0.001442
mejor-caso-BT-F,88,880,BT-F,0.001544
mejor-caso-BT-F,89,890,BT,0.001635
mejor-caso-BT-F,89,890,BT-F,0.001475
mejor-caso-BT-F,90,900,BT,0.001508
mejor-caso-BT-F,90,900,BT-F,0.001544
mejor-caso-BT-F,91,910,BT,0.001502
mejor-caso-BT-F,91,910,BT-F,0.001542
mejor-caso-BT-F,92,920,BT,0.00167
mejor-caso-BT-F,92,920,BT-F,0.001541
mejor-caso-BT-F,93,930,BT,0.001407
mejor-caso-BT-F,93,930,BT-F,0.001551
mejor-caso-BT-F,94,940,BT,0.001479
mejor-caso-BT-F,94,940,BT-F,0.001576
mejor-caso-BT-F,95,950,BT,0.001618
mejor-caso-BT-F,95,950,BT-F,0.001586
mejor-caso-BT-F,96,960,BT,0.001574
mejor-caso-BT-F,96,960,BT-F,0.001922
mejor-caso-BT-F,97,970,BT,0.001495
mejor-caso-BT-F,97,970,BT-F,0.001569
mejor-caso-BT-F,98,980,BT,0.00166
mejor-caso-BT-F,98,980,BT-F,0.001591
mejor-caso-BT-F,99,990,BT,0.001564
mejor-caso-BT-F,99,990,BT-F,0.002244
mejor-caso-BT-O,1,10,BT,0.000814
mejor-caso-BT-O,1,10,BT-F,0.000826
mejor-caso-BT-O,1,10,BT-O,0.000858
mejor-caso-BT-O,2,20,BT,0.000805
mejor-caso-BT-O,2,20,BT-F,0.000837
mejor-caso-BT-O,2,20,BT-O,0.00091
mejor-caso-BT-O,3,30,BT,0.000863
mejor-caso-BT-O,3,30,BT-F,0.000899
mejor-caso-BT-O,3,30,BT-O,0.000909
mejor-caso-BT-O,4,40,BT,0.000837
mejor-caso-BT-O,4,40,BT-F,0.000964
mejor-caso-BT-O,4,40,BT-O,0.000911
mejor-caso-BT-O,5,50,BT,0.001013
mejor-caso-BT-O,5,50,BT-F,0.00112
mejor-caso-BT-O,5,50,BT-O,0.00098
mejor-caso-BT-O,6,60,BT,0.00088
mejor-caso-BT-O,6,60,BT-F,0.001202
mejor-caso-BT-O,6,60,BT-O,0.000962
mejor-caso-BT-O,7,70,BT,0.000874
mejor-caso-BT-O,7,70,BT-F,0.001375
mejor-caso-BT-O,7,70,BT-O,0.000938
mejor-caso-BT-O,8,80,BT,0.000864
mejor-caso-BT-O,8,80,BT-F,0.001788
mejor-caso-BT-O,8,80,BT-O,0.000942
mejor-caso-BT-O,9,90,BT,0.000858
mejor-caso-BT-O,9,90,BT-F,0.002522
mejor-caso-BT-O,9,90,BT-O,0.000932
mejor-caso-BT-O,10,100,BT,0.00087
mejor-caso-BT-O,10,100,BT-F,0.004031
mejor-caso-BT-O,10,100,BT-O,0.001
mejor-caso-BT-O,11,110,BT,0.000876
mejor-caso-BT-O,11,110,BT-F,0.006981
mejor-caso-BT-O,11,110,BT-O,0.000943
mejor-caso-BT-O,12,120,BT,0.000872
mejor-caso-BT-O,12,120,BT-F,0.012851
mejor-caso-BT-O,12,120,BT-O,0.001002
mejor-caso-BT-O,13,130,BT,0.000896
mejor-caso-BT-O,13,130,BT-F,0.024428
mejor-caso-BT-O,13,130,BT-O,0.000973
mejor-caso-BT-O,14,140,BT,0.0009
mejor-caso-BT-O,14,140,BT-F,0.047763
mejor-caso-BT-O,14,140,BT-O,0.000984
mejor-caso-BT-O,15,150,BT,0.000872
mejor-caso-BT-O,15,150,BT-F,0.094285
mejor-caso-BT-O,15,150,BT-O,0.000971
mejor-caso-BT-O,16,160,BT,0.000888
mejor-caso-BT-O,16,160,BT-F,0.187081
mejor-caso-BT-O,16,160,BT-O,0.000972
mejor-caso-BT-O,17,170,BT,0.000916
mejor-caso-BT-O,17,170,BT-F,0.37303
mejor-caso-BT-O,17,170,BT-O,0.000965
mejor-caso-BT-O,18,180,BT,0.000904
mejor-caso-BT-O,18,180,BT-F,0.74841
mejor-caso-BT-O,18,180,BT-O,0.000986
mejor-caso-BT-O,19,190,BT,0.00092
mejor-caso-BT-O,19,190,BT-F,1.49247
mejor-caso-BT-O,19,190,BT-O,0.001053
mejor-caso-BT-O,20,200,BT,0.000953
mejor-caso-BT-O,20,200,BT-F,2.98158
mejor-caso-BT-O,20,200,BT-O,0.001009
mejor-caso-BT-O,21,210,BT,0.000934
mejor-caso-BT-O,21,210,BT-F,5.95945
mejor-caso-BT-O,21,210,BT-O,0.001015
mejor-caso-BT-O,22,220,BT,0.000949
mejor-caso-BT-O,22,220,BT-F,11.9569
mejor-caso-BT-O,22,220,BT-O,0.00102
mejor-caso-BT-O,23,230,BT,0.000942
mejor-caso-BT-O,23,230,BT-F,23.8258
mejor-caso-BT-O,23,230,BT-O,0.001068
mejor-caso-BT-O,24,240,BT,0.000992
mejor-caso-BT-O,24,240,BT-F,47.9831
mejor-caso-BT-O,24,240,BT-O,0.001045
mejor-caso-BT-O,25,250,BT,0.000996
mejor-caso-BT-O,25,250,BT-F,95.4846
mejor-caso-BT-O,25,250,BT-O,0.001032
mejor-caso-BT-O,26,260,BT,0.000977
mejor-caso-BT-O,26,260,BT-F,190.676
mejor-caso-BT-O,26,260,BT-O,0.001076
mejor-caso-BT-O,27,270,BT,0.00099
mejor-caso-BT-O,27,270,BT-O,0.001068
mejor-caso-BT-O,28,280,BT,0.00098
mejor-caso-BT-O,28,280,BT-O,0.001091
mejor-caso-BT-O,29,290,BT,0.001018
mejor-caso-BT-O,29,290,BT-O,0.001073
mejor-caso-BT-O,30,300,BT,0.000999
mejor-caso-BT-O,30,300,BT-O,0.001085
mejor-caso-BT-O,31,310,BT,0.001003
mejor-caso-BT-O,31,310,BT-O,0.001135
mejor-caso-BT-O,32,320,BT,0.001018
mejor-caso-BT-O,32,320,BT-O,0.001113
mejor-caso-BT-O,33,330,BT,0.001038
mejor-caso-BT-O,33,330,BT-O,0.001106
mejor-caso-BT-O,34,340,BT,0.00104
mejor-caso-BT-O,34,340,BT-O,0.001123
mejor-caso-BT-O,35,350,BT,0.001048
mejor-caso-BT-O,35,350,BT-O,0.001133
mejor-caso-BT-O,36,360,BT,0.001078
mejor-caso-BT-O,36,360,BT-O,0.001149
mejor-caso-BT-O,37,370,BT,0.001078
mejor-caso-BT-O,37,370,BT-O,0.001152
mejor-caso-BT-O,38,380,BT,0.001176
mejor-caso-BT-O,38,380,BT-O,0.001194
mejor-caso-BT-O,39,390,BT,0.001159
mejor-caso-BT-O,39,390,BT-O,0.001235
mejor-caso-BT-O,40,400,BT,0.001147
mejor-caso-BT-O,40,400,BT-O,0.001304
mejor-caso-BT-O,41,410,BT,0.001146
mejor-caso-BT-O,41,410,BT-O,0.001231
mejor-caso-BT-O,42,420,BT,0.00119
mejor-caso-BT-O,42,420,BT-O,0.00131
mejor-caso-BT-O,43,430,BT,0.001151
mejor-caso-BT-O,43,430,BT-O,0.001249
mejor-caso-BT-O,44,440,BT,0.001186
mejor-caso-BT-O,44,440,BT-O,0.001247
mejor-caso-BT-O,45,450,BT,0.001225
mejor-caso-BT-O,45,450,BT-O,0.001264
mejor-caso-BT-O,46,460,BT,0.0012
mejor-caso-BT-O,46,460,BT-O,0.001272
mejor-caso-BT-O,47,470,BT,0.001168
mejor-caso-BT-O,47,470,BT-O,0.001284
mejor-caso-BT-O,48,480,BT,0.001183
mejor-caso-BT-O,48,480,BT-O,0.001252
mejor-caso-BT-O,49,490,BT,0.001187
mejor-caso-BT-O,49,490,BT-O,0.001264
mejor-caso-BT-O,50,500,BT,0.001204
mejor-caso-BT-O,50,500,BT-O,0.00126
mejor-caso-BT-O,51,510,BT,0.001211
mejor-caso-BT-O,51,510,BT-O,0.001297
mejor-caso-BT-O,52,520,BT,0.001223
mejor-caso-BT-O,52,520,BT-O,0.001323
mejor-caso-BT-O,53,530,BT,0.001228
mejor-caso-BT-O,53,530,BT-O,0.001412
mejor-caso-BT-O,54,540,BT,0.001334
mejor-caso-BT-O,54,540,BT-O,0.001368
mejor-caso-BT-O,55,550,BT,0.001265
mejor-caso-BT-O,55,550,BT-O,0.001388
mejor-caso-BT-O,56,560,BT,0.001295
mejor-caso-BT-O,56,560,BT-O,0.001399
mejor-caso-BT-O,57,570,BT,0.001324
mejor-caso-BT-O,57,570,BT-O,0.001389
mejor-caso-BT-O,58,580,BT,0.001317
mejor-caso-BT-O,58,580,BT-O,0.001385
mejor-caso-BT-O,59,590,BT,0.001346
mejor-caso-BT-O,59,590,BT-O,0.001414
mejor-caso-BT-O,60,600,BT,0.001315
mejor-caso-BT-O,60,600,BT-O,0.001395
mejor-caso-BT-O,61,610,BT,0.001351
mejor-caso-BT-O,61,610,BT-O,0.001383
mejor-caso-BT-O,62,620,BT,0.001367
mejor-caso-BT-O,62,620,BT-O,0.001448
mejor-caso-BT-O,63,630,BT,0.001374
mejor-caso-BT-O,63,630,BT-O,0.001439
mejor-caso-BT-O,64,640,BT,0.001371
mejor-caso-BT-O,64,640,BT-O,0.001445
mejor-caso-BT-O,65,650,BT,0.001447
mejor-caso-BT-O,65,650,BT-O,0.001451
mejor-caso-BT-O,66,660,BT,0.001323
mejor-caso-BT-O,66,660,BT-O,0.001428
mejor-caso-BT-O,67,670,BT,0.001332
mejor-caso-BT-O,67,670,BT-O,0.001463
mejor-caso-BT-O,68,680,BT,0.001362
mejor-caso-BT-O,68,680,BT-O,0.001538
mejor-caso-BT-O,69,690,BT,0.001398
mejor-caso-BT-O,69,690,BT-O,0.001475
mejor-caso-BT-O,70,700,BT,0.001421
mejor-caso-BT-O,70,700,BT-O,0.001467
mejor-caso-BT-O,71,710,BT,0.001411
mejor-caso-BT-O,71,710,BT-O,0.001523
mejor-caso-BT-O,72,720,BT,0.001429
mejor-caso-BT-O,72,720,BT-O,0.001574
mejor-caso-BT-O,73,730,BT,0.001513
mejor-caso-BT-O,73,730,BT-O,0.001599
mejor-caso-BT-O,74,740,BT,0.001429
mejor-caso-BT-O,74,740,BT-O,0.001494
mejor-caso-BT-O,75,750,BT,0.001473
mejor-caso-BT-O,75,750,BT-O,0.001566
mejor-caso-BT-O,76,760,BT,0.001451
mejor-caso-BT-O,76,760,BT-O,0.001506
mejor-caso-BT-O,77,770,BT,0.001483
mejor-caso-BT-O,77,770,BT-O,0.001561
mejor-caso-BT-O,78,780,BT,0.001464
mejor-caso-BT-O,78,780,BT-O,0.001547
mejor-caso-BT-O,79,790,BT,0.001469
mejor-caso-BT-O,79,790,BT-O,0.0016
mejor-caso-BT-O,80,800,BT,0.001432
mejor-caso-BT-O,80,800,BT-O,0.001474
mejor-caso-BT-O,81,810,BT,0.001433
mejor-caso-BT-O,81,810,BT-O,0.001533
mejor-caso-BT-O,82,820,BT,0.001458
mejor-caso-BT-O,82,820,BT-O,0.001532
mejor-caso-BT-O,83,830,BT,0.001438
mejor-caso-BT-O,83,830,BT-O,0.001525
mejor-caso-BT-O,84,840,BT,0.001425
mejor-caso-BT-O,84,840,BT-O,0.001532
mejor-caso-BT-O,85,850,BT,0.001477
mejor-caso-BT-O,85,850,BT-O,0.001598
mejor-caso-BT-O,86,860,BT,0.001549
mejor-caso-BT-O,86,860,BT-O,0.001582
mejor-caso-BT-O,87,870,BT,0.001517
mejor-caso-BT-O,87,870,BT-O,0.001585
mejor-caso-BT-O,88,880,BT,0.001553
mejor-caso-BT-O,88,880,BT-O,0.001648
mejor-caso-BT-O,89,890,BT,0.002181
mejor-caso-BT-O,89,890,BT-O,0.001726
mejor-caso-BT-O,90,900,BT,0.001577
mejor-caso-BT-O,90,900,BT-O,0.001632
mejor-caso-BT-O,91,910,BT,0.001564
mejor-caso-BT-O,91,910,BT-O,0.001633
mejor-caso-BT-O,92,920,BT,0.00158
mejor-caso-BT-O,92,920,BT-O,0.00161
mejor-caso-BT-O,93,930,BT,0.001624
mejor-caso-BT-O,93,930,BT-O,0.002364
mejor-caso-BT-O,94,940,BT,0.001791
mejor-caso-BT-O,94,940,BT-O,0.001688
mejor-caso-BT-O,95,950,BT,0.001982
mejor-caso-BT-O,95,950,BT-O,0.001724
mejor-caso-BT-O,96,960,BT,0.00178
mejor-caso-BT-O,96,960,BT-O,0.002
mejor-caso-BT-O,97,970,BT,0.001812
mejor-caso-BT-O,97,970,BT-O,0.001984
mejor-caso-BT-O,98,980,BT,0.001951
mejor-caso-BT-O,98,980,BT-O,0.0018
mejor-caso-BT-O,99,990,BT,0.001745
mejor-caso-BT-O,99,990,BT-O,0.00188
peor-caso-BT,1,9,BT,0.000823
peor-caso-BT,1,9,BT-F,0.000823
peor-caso-BT,1,9,BT-O,0.000865
peor-caso-BT,2,18,BT,0.000785
peor-caso-BT,2,18,BT-F,0.000815
peor-caso-BT,2,18,BT-O,0.000914
peor-caso-BT,3,29,BT,0.000874
peor-caso-BT,3,29,BT-F,0.000935
peor-caso-BT,3,29,BT-O,0.00098
peor-caso-BT,4,37,BT,0.000904
peor-caso-BT,4,37,BT-F,0.000939
peor-caso-BT,4,37,BT-O,0.001069
peor-caso-BT,5,45,BT,0.000942
peor-caso-BT,5,45,BT-F,0.001018
peor-caso-BT,5,45,BT-O,0.001181
peor-caso-BT,6,58,BT,0.001087
peor-caso-BT,6,58,BT-F,0.001154
peor-caso-BT,6,58,BT-O,0.001419
peor-caso-BT,7,67,BT,0.001271
peor-caso-BT,7,67,BT-F,0.00138
peor-caso-BT,7,67,BT-O,0.001725
peor-caso-BT,8,74,BT,0.001508
peor-caso-BT,8,74,BT-F,0.001601
peor-caso-BT,8,74,BT-O,0.002149
peor-caso-BT,9,86,BT,0.001967
peor-caso-BT,9,86,BT-F,0.002126
peor-caso-BT,9,86,BT-O,0.00313
peor-caso-BT,10,95,BT,0.002207
peor-caso-BT,10,95,BT-F,0.00277
peor-caso-BT,10,95,BT-O,0.004482
peor-caso-BT,11,103,BT,0.003742
peor-caso-BT,11,103,BT-F,0.004475
peor-caso-BT,11,103,BT-O,0.007549
peor-caso-BT,12,108,BT,0.005627
peor-caso-BT,12,108,BT-F,0.006299
peor-caso-BT,12,108,BT-O,0.01323
peor-caso-BT,13,127,BT,0.008995
peor-caso-BT,13,127,BT-F,0.011526
peor-caso-BT,13,127,BT-O,0.024148
peor-caso-BT,14,126,BT,0.014908
peor-caso-BT,14,126,BT-F,0.021113
peor-caso-BT,14,126,BT-O,0.041191
peor-caso-BT,15,139,BT,0.027179
peor-caso-BT,15,139,BT-F,0.037367
peor-caso-BT,15,139,BT-O,0.085421
peor-caso-BT,16,152,BT,0.045881
peor-caso-BT,16,152,BT-F,0.060974
peor-caso-BT,16,152,BT-O,0.171921
peor-caso-BT,17,163,BT,0.075401
peor-caso-BT,17,163,BT-F,0.118007
peor-caso-BT,17,163,BT-O,0.317407
peor-caso-BT,18,178,BT,0.200104
peor-caso-BT,18,178,BT-F,0.28513
peor-caso-BT,18,178,BT-O,0.656837
peor-caso-BT,19,189,BT,0.2877
peor-caso-BT,19,189,BT-F,0.472054
peor-caso-BT,19,189,BT-O,1.2455
peor-caso-BT,20,195,BT,0.51723
peor-caso-BT,20,195,BT-F,0.794208
peor-caso-BT,20,195,BT-O,2.60201
peor-caso-BT,21,197,BT,1.0567
peor-caso-BT,21,197,BT-F,1.8816
peor-caso-BT,21,197,BT-O,4.67887
peor-caso-BT,22,209,BT,2.45822
peor-caso-BT,22,209,BT-F,3.7994
peor-caso-BT,22,209,BT-O,10.1012
peor-caso-BT,23,222,BT,4.02189
peor-caso-BT,23,222,BT-F,5.95154
peor-caso-BT,23,222,BT-O,20.7742
peor-caso-BT,24,233,BT,7.55796
peor-caso-BT,24,233,BT-F,12.9595
peor-caso-BT,24,233,BT-O,40.369
peor-caso-BT,25,228,BT,13.6578
peor-caso-BT,25,228,BT-F,21.7122
peor-caso-BT,25,228,BT-O,82.4458
peor-caso-DP,1,2,DP,0.001192
peor-caso-DP,1,2,BT,0.000792
peor-caso-DP,2,4,DP,0.001222
peor-caso-DP,2,4,BT,0.000839
peor-caso-DP,3,8,DP,0.001298
peor-caso-DP,3,8,BT,0.000864
peor-caso-DP,4,16,DP,0.001457
peor-caso-DP,4,16,BT,0.000894
peor-caso-DP,5,32,DP,0.001775
peor-caso-DP,5,32,BT,0.000869
peor-caso-DP,6,64,DP,0.003064
peor-caso-DP,6,64,BT,0.000845
peor-caso-DP,7,128,DP,0.004773
peor-caso-DP,7,128,BT,0.000864
peor-caso-DP,8,256,DP,0.008118
peor-caso-DP,8,256,BT,0.000866
peor-caso-DP,9,512,DP,0.017141
peor-caso-DP,9,512,BT,0.000871
peor-caso-DP,10,1024,DP,0.032637
peor-caso-DP,10,1024,BT,0.000917
peor-caso-DP,11,2048,DP,0.069026
peor-caso-DP,11,2048,BT,0.000906
peor-caso-DP,12,4096,DP,0.133977
peor-caso-DP,12,4096,BT,0.00089
peor-caso-DP,13,8192,DP,0.278111
peor-caso-DP,13,8192,BT,0.000889
peor-caso-DP,14,16384,DP,0.539511
peor-caso-DP,14,16384,BT,0.000912
peor-caso-DP,15,32768,DP,1.20913
peor-caso-DP,15,32768,BT,0.000885
peor-caso-DP,16,65536,DP,2.46268
peor-caso-DP,16,65536,BT,0.000917
peor-caso-DP,17,131072,DP,5.59375
peor-caso-DP,17,131072,BT,0.000919
peor-caso-DP,18,262144,DP,11.6805
peor-caso-DP,18,262144,BT,0.000889
peor-caso-DP,19,524288,DP,27.6971
peor-caso-DP,19,524288,BT,0.000911
peor-caso-DP,20,1048576,DP,52.3679
peor-caso-DP,20,1048576,BT,0.000962
peor-caso-DP,21,2097152,DP,105.604
peor-caso-DP,21,2097152,BT,0.000913
peor-caso-DP,22,4194304,DP,265.095
peor-caso-DP,22,4194304,BT,0.000974
peor-caso-DP,23,8388608,DP,534.139
peor-caso-DP,23,8388608,BT,0.000965
peor-caso-DP,24,16777216,DP,1844.56
peor-caso-DP,24,16777216,BT,0.001135
peor-caso-DP,25,33554432,DP,2061.86
peor-caso-DP,25,33554432,BT,0.000984
mejor-caso-DP,1000,1000,DP,5.12097
mejor-caso-DP,1000,1000,BT,0.019622
mejor-caso-DP,1000,1500,DP,5.45987
mejor-caso-DP,1000,1500,BT,0.020536
mejor-caso-DP,1000,2000,DP,5.95458
mejor-caso-DP,1000,2000,BT,0.019399
mejor-caso-DP,1000,2500,DP,6.35459
mejor-caso-DP,1000,2500,BT,0.019662
mejor-caso-DP,1000,3000,DP,6.70539
mejor-caso-DP,1000,3000,BT,0.020084
mejor-caso-DP,1000,3500,DP,7.03225
mejor-caso-DP,1000,3500,BT,0.02027
mejor-caso-DP,1000,4000,DP,7.42708
mejor-caso-DP,1000,4000,BT,0.020168
mejor-caso-DP,1000,4500,DP,7.97368
mejor-caso-DP,1000,4500,BT,0.020352
mejor-caso-DP,1000,5000,DP,8.816
mejor-caso-DP,1000,5000,BT,0.020491
mejor-caso-DP,1000,5500,DP,8.97189
mejor-caso-DP,1000,5500,BT,0.020201
mejor-caso-DP,1000,6000,DP,9.22525
mejor-caso-DP,1000,6000,BT,0.020152
mejor-caso-DP,1000,6500,DP,9.58834
mejor-caso-DP,1000,6500,BT,0.020147
mejor-caso-DP,1000,7000,DP,10.1163
mejor-caso-DP,1000,7000,BT,0.019776
mejor-caso-DP,1000,7500,DP,10.3995
mejor-caso-DP,1000,7500,BT,0.01983
mejor-caso-DP,1500,1000,DP,10.5945
mejor-caso-DP,1500,1000,BT,3.94658
mejor-caso-DP,1500,1500,DP,12.4012
mejor-caso-DP,1500,1500,BT,0.031027
mejor-caso-DP,1500,2000,DP,13.2502
mejor-caso-DP,1500,2000,BT,0.029769
mejor-caso-DP,1500,2500,DP,13.8075
mejor-caso-DP,1500,2500,BT,0.029539
mejor-caso-DP,1500,3000,DP,14.5933
mejor-caso-DP,1500,3000,BT,0.030626
mejor-caso-DP,1500,3500,DP,15.1944
mejor-caso-DP,1500,3500,BT,0.030303
mejor-caso-DP,1500,4000,DP,15.8493
mejor-caso-DP,1500,4000,BT,0.029611
mejor-caso-DP,1500,4500,DP,16.3304
mejor-caso-DP,1500,4500,BT,0.03053
mejor-caso-DP,1500,5000,DP,16.8815
mejor-caso-DP,1500,5000,BT,0.03079
mejor-caso-DP,1500,5500,DP,17.9822
mejor-caso-DP,1500,5500,BT,0.030931
mejor-caso-DP,1500,6000,DP,19.2981
mejor-caso-DP,1500,6000,BT,0.030884
mejor-caso-DP,1500,6500,DP,19.4615
mejor-caso-DP,1500,6500,BT,0.030583
mejor-caso-DP,1500,7000,DP,19.6936
mejor-caso-DP,1500,7000,BT,0.030043
mejor-caso-DP,1500,7500,DP,21.145
mejor-caso-DP,1500,7500,BT,0.030036
mejor-caso-DP,2000,1000,DP,16.8804
mejor-caso-DP,2000,1000,BT,7.97942
mejor-caso-DP,2000,1500,DP,21.5406
mejor-caso-DP,2000,1500,BT,5.9196
mejor-caso-DP,2000,2000,DP,24.576
mejor-caso-DP,2000,2000,BT,0.039422
mejor-caso-DP,2000,2500,DP,25.7877
mejor-caso-DP,2000,2500,BT,0.040636
mejor-caso-DP,2000,3000,DP,27.4489
mejor-caso-DP,2000,3000,BT,0.041754
mejor-caso-DP,2000,3500,DP,27.8226
mejor-caso-DP,2000,3500,BT,0.040114
mejor-caso-DP,2000,4000,DP,27.4648
mejor-caso-DP,2000,4000,BT,0.040502
mejor-caso-DP,2000,4500,DP,29.5766
mejor-caso-DP,2000,4500,BT,0.040785
mejor-caso-DP,2000,5000,DP,30.2533
mejor-caso-DP,2000,5000,BT,0.03929
mejor-caso-DP,2000,5500,DP,30.4294
mejor-caso-DP,2000,5500,BT,0.04028
mejor-caso-DP,2000,6000,DP,31.672
mejor-caso-DP,2000,6000,BT,0.040991
mejor-caso-DP,2000,6500,DP,33.425
mejor-caso-DP,2000,6500,BT,0.038509
mejor-caso-DP,2000,7000,DP,34.0768
mejor-caso-DP,2000,7000,BT,0.039378
mejor-caso-DP,2000,7500,DP,34.2383
mejor-caso-DP,2000,7500,BT,0.040892
mejor-caso-DP,2500,1000,DP,22.1841
mejor-caso-DP,2500,1000,BT,12.0413
mejor-caso-DP,2500,1500,DP,32.5535
mejor-caso-DP,2500,1500,BT,11.9985
mejor-caso-DP,2500,2000,DP,36.9744
mejor-caso-DP,2500,2000,BT,7.87674
mejor-caso-DP,2500,2500,DP,40.285
mejor-caso-DP,2500,2500,BT,0.051311
mejor-caso-DP,2500,3000,DP,43.1148
mejor-caso-DP,2500,3000,BT,0.050013
mejor-caso-DP,2500,3500,DP,42.5672
mejor-caso-DP,2500,3500,BT,0.049774
mejor-caso-DP,2500,4000,DP,43.5288
mejor-caso-DP,2500,4000,BT,0.050503
mejor-caso-DP,2500,4500,DP,45.5442
mejor-caso-DP,2500,4500,BT,0.049818
mejor-caso-DP,2500,5000,DP,45.7334
mejor-caso-DP,2500,5000,BT,0.049614
mejor-caso-DP,2500,5500,DP,47.2669
mejor-caso-DP,2500,5500,BT,0.050983
mejor-caso-DP,2500,6000,DP,48.4762
mejor-caso-DP,2500,6000,BT,0.050052
mejor-caso-DP,2500,6500,DP,49.04
mejor-caso-DP,2500,6500,BT,0.050394
mejor-caso-DP,2500,7000,DP,51.165
mejor-caso-DP,2500,7000,BT,0.049687
mejor-caso-DP,2500,7500,DP,52.4727
mejor-caso-DP,2500,7500,BT,0.050059
mejor-caso-DP,3000,1000,DP,27.5634
mejor-caso-DP,3000,1000,BT,16.1062
mejor-caso-DP,3000,1500,DP,40.8859
mejor-caso-DP,3000,1500,BT,18.1262
mejor-caso-DP,3000,2000,DP,50.4046
mejor-caso-DP,3000,2000,BT,15.9386
mejor-caso-DP,3000,2500,DP,57.6771
mejor-caso-DP,3000,2500,BT,9.85071
mejor-caso-DP,3000,3000,DP,61.3838
mejor-caso-DP,3000,3000,BT,0.062361
mejor-caso-DP,3000,3500,DP,62.0538
mejor-caso-DP,3000,3500,BT,0.061817
mejor-caso-DP,3000,4000,DP,64.3619
mejor-caso-DP,3000,4000,BT,0.062969
mejor-caso-DP,3000,4500,DP,66.0322
mejor-caso-DP,3000,4500,BT,0.061436
mejor-caso-DP,3000,5000,DP,65.5816
mejor-caso-DP,3000,5000,BT,0.060226
mejor-caso-DP,3000,5500,DP,67.6932
mejor-caso-DP,3000,5500,BT,0.060373
mejor-caso-DP,3000,6000,DP,68.3215
mejor-caso-DP,3000,6000,BT,0.061734
mejor-caso-DP,3000,6500,DP,70.6925
mejor-caso-DP,3000,6500,BT,0.060654
mejor-caso-DP,3000,7000,DP,71.7441
mejor-caso-DP,3000,7000,BT,0.061747
mejor-caso-DP,3000,7500,DP,73.2545
mejor-caso-DP,3000,7500,BT,0.06321
mejor-caso-DP,3500,1000,DP,34.3659
mejor-caso-DP,3500,1000,BT,20.2831
mejor-caso-DP,3500,1500,DP,50.3365
mejor-caso-DP,3500,1500,BT,24.1732
mejor-caso-DP,3500,2000,DP,64.3575
mejor-caso-DP,3500,2000,BT,24.1723
mejor-caso-DP,3500,2500,DP,73.671
mejor-caso-DP,3500,2500,BT,19.9407
mejor-caso-DP,3500,3000,DP,79.9006
mejor-caso-DP,3500,3000,BT,11.8177
mejor-caso-DP,3500,3500,DP,83.204
mejor-caso-DP,3500,3500,BT,0.0727
mejor-caso-DP,3500,4000,DP,87.5208
mejor-caso-DP,3500,4000,BT,0.070755
mejor-caso-DP,3500,4500,DP,88.2095
mejor-caso-DP,3500,4500,BT,0.07282
mejor-caso-DP,3500,5000,DP,91.829
mejor-caso-DP,3500,5000,BT,0.070391
mejor-caso-DP,3500,5500,DP,92.1015
mejor-caso-DP,3500,5500,BT,0.073267
mejor-caso-DP,3500,6000,DP,92.632
mejor-caso-DP,3500,6000,BT,0.070735
mejor-caso-DP,3500,6500,DP,95.4516
mejor-caso-DP,3500,6500,BT,0.071558
mejor-caso-DP,3500,7000,DP,94.4885
mejor-caso-DP,3500,7000,BT,0.071416
mejor-caso-DP,3500,7500,DP,97.6067
mejor-caso-DP,3500,7500,BT,0.069953
mejor-caso-DP,4000,1000,DP,42.3172
mejor-caso-DP,4000,1000,BT,24.3865
mejor-caso-DP,4000,1500,DP,63.1191
mejor-caso-DP,4000,1500,BT,30.5075
mejor-caso-DP,4000,2000,DP,78.4888
mejor-caso-DP,4000,2000,BT,33.2503
mejor-caso-DP,4000,2500,DP,94.0051
mejor-caso-DP,4000,2500,BT,30.0971
mejor-caso-DP,4000,3000,DP,105.908
mejor-caso-DP,4000,3000,BT,24.0018
mejor-caso-DP,4000,3500,DP,110.31
mejor-caso-DP,4000,3500,BT,13.7787
mejor-caso-DP,4000,4000,DP,116.961
mejor-caso-DP,4000,4000,BT,0.082969
mejor-caso-DP,4000,4500,DP,117.137
mejor-caso-DP,4000,4500,BT,0.081357
mejor-caso-DP,4000,5000,DP,118.309
mejor-caso-DP,4000,5000,BT,0.081467
mejor-caso-DP,4000,5500,DP,118.571
mejor-caso-DP,4000,5500,BT,0.082015
mejor-caso-DP,4000,6000,DP,122.59
mejor-caso-DP,4000,6000,BT,0.079994
mejor-caso-DP,4000,6500,DP,123.762
mejor-caso-DP,4000,6500,BT,0.078988
mejor-caso-DP,4000,7000,DP,124.872
mejor-caso-DP,4000,7000,BT,0.081342
mejor-caso-DP,4000,7500,DP,129.207
mejor-caso-DP,4000,7500,BT,0.080496
mejor-caso-DP,4500,1000,DP,46.0721
mejor-caso-DP,4500,1000,BT,28.4916
mejor-caso-DP,4500,1500,DP,67.7446
mejor-caso-DP,4500,1500,BT,36.9814
mejor-caso-DP,4500,2000,DP,91.676
mejor-caso-DP,4500,2000,BT,40.6151
mejor-caso-DP,4500,2500,DP,109.091
mejor-caso-DP,4500,2500,BT,40.1991
mejor-caso-DP,4500,3000,DP,121.118
mejor-caso-DP,4500,3000,BT,36.0043
mejor-caso-DP,4500,3500,DP,134.747
mejor-caso-DP,4500,3500,BT,27.9091
mejor-caso-DP,4500,4000,DP,140.956
mejor-caso-DP,4500,4000,BT,15.7846
mejor-caso-DP,4500,4500,DP,142.896
mejor-caso-DP,4500,4500,BT,0.091301
mejor-caso-DP,4500,5000,DP,146.341
mejor-caso-DP,4500,5000,BT,0.089918
mejor-caso-DP,4500,5500,DP,150.573
mejor-caso-DP,4500,5500,BT,0.09086
mejor-caso-DP,4500,6000,DP,153.902
mejor-caso-DP,4500,6000,BT,0.089933
mejor-caso-DP,4500,6500,DP,155.095
mejor-caso-DP,4500,6500,BT,0.090546
mejor-caso-DP,4500,7000,DP,157.918
mejor-caso-DP,4500,7000,BT,0.092476
mejor-caso-DP,4500,7500,DP,158.113
mejor-caso-DP,4500,7500,BT,0.091271
mejor-caso-DP,5000,1000,DP,52.9097
mejor-caso-DP,5000,1000,BT,32.5784
mejor-caso-DP,5000,1500,DP,79.3212
mejor-caso-DP,5000,1500,BT,42.7374
mejor-caso-DP,5000,2000,DP,103.493
mejor-caso-DP,5000,2000,BT,48.8512
mejor-caso-DP,5000,2500,DP,127.604
mejor-caso-DP,5000,2500,BT,50.7903
mejor-caso-DP,5000,3000,DP,143.309
mejor-caso-DP,5000,3000,BT,48.1076
mejor-caso-DP,5000,3500,DP,162.067
mejor-caso-DP,5000,3500,BT,42.5174
mejor-caso-DP,5000,4000,DP,174.22
mejor-caso-DP,5000,4000,BT,31.9539
mejor-caso-DP,5000,4500,DP,178.238
mejor-caso-DP,5000,4500,BT,17.7268
mejor-caso-DP,5000,5000,DP,180.202
mejor-caso-DP,5000,5000,BT,0.099996
mejor-caso-DP,5000,5500,DP,187.73
mejor-caso-DP,5000,5500,BT,0.100389
mejor-caso-DP,5000,6000,DP,184.517
mejor-caso-DP,5000,6000,BT,0.100363
mejor-caso-DP,5000,6500,DP,191.773
mejor-caso-DP,5000,6500,BT,0.103586
mejor-caso-DP,5000,7000,DP,193.988
mejor-caso-DP,5000,7000,BT,0.101797
mejor-caso-DP,5000,7500,DP,196.705
mejor-caso-DP,5000,7500,BT,0.100714
mejor-caso-DP,5500,1000,DP,58.1948
mejor-caso-DP,5500,1000,BT,37.2668
mejor-caso-DP,5500,1500,DP,89.4823
mejor-caso-DP,5500,1500,BT,48.9748
mejor-caso-DP,5500,2000,DP,114.982
mejor-caso-DP,5500,2000,BT,57.2932
mejor-caso-DP,5500,2500,DP,145.029
mejor-caso-DP,5500,2500,BT,60.6579
mejor-caso-DP,5500,3000,DP,163.742
mejor-caso-DP,5500,3000,BT,60.7951
mejor-caso-DP,5500,3500,DP,180.051
mejor-caso-DP,5500,3500,BT,56.106
mejor-caso-DP,5500,4000,DP,202.437
mejor-caso-DP,5500,4000,BT,48.2429
mejor-caso-DP,5500,4500,DP,212.695
mejor-caso-DP,5500,4500,BT,35.8927
mejor-caso-DP,5500,5000,DP,220.095
mejor-caso-DP,5500,5000,BT,19.6873
mejor-caso-DP,5500,5500,DP,228.31
mejor-caso-DP,5500,5500,BT,0.10802
mejor-caso-DP,5500,6000,DP,226.611
mejor-caso-DP,5500,6000,BT,0.111563
mejor-caso-DP,5500,6500,DP,232.06
mejor-caso-DP,5500,6500,BT,0.111439
mejor-caso-DP,5500,7000,DP,235.48
mejor-caso-DP,5500,7000,BT,0.111007
mejor-caso-DP,5500,7500,DP,229.096
mejor-caso-DP,5500,7500,BT,0.110037
mejor-caso-DP,6000,1000,DP,65.3586
mejor-caso-DP,6000,1000,BT,41.1148
mejor-caso-DP,6000,1500,DP,98.0587
mejor-caso-DP,6000,1500,BT,55.3838
mejor-caso-DP,6000,2000,DP,131.428
mejor-caso-DP,6000,2000,BT,66.3438
mejor-caso-DP,6000,2500,DP,163.94
mejor-caso-DP,6000,2500,BT,71.5948
mejor-caso-DP,6000,3000,DP,190.281
mejor-caso-DP,6000,3000,BT,72.8556
mejor-caso-DP,6000,3500,DP,210.54
mejor-caso-DP,6000,3500,BT,71.1548
mejor-caso-DP,6000,4000,DP,232.95
mejor-caso-DP,6000,4000,BT,64.4872
mejor-caso-DP,6000,4500,DP,247.44
mejor-caso-DP,6000,4500,BT,54.0057
mejor-caso-DP,6000,5000,DP,251.607
mejor-caso-DP,6000,5000,BT,40.2159
mejor-caso-DP,6000,5500,DP,268.263
mejor-caso-DP,6000,5500,BT,21.8157
mejor-caso-DP,6000,6000,DP,266.733
mejor-caso-DP,6000,6000,BT,0.120048
mejor-caso-DP,6000,6500,DP,267.816
mejor-caso-DP,6000,6500,BT,0.121479
mejor-caso-DP,6000,7000,DP,278.551
mejor-caso-DP,6000,7000,BT,0.130024
mejor-caso-DP,6000,7500,DP,283.155
mejor-caso-DP,6000,7500,BT,0.12376
mejor-caso-DP,6500,1000,DP,72.2543
mejor-caso-DP,6500,1000,BT,45.4482
mejor-caso-DP,6500,1500,DP,111.437
mejor-caso-DP,6500,1500,BT,62.2531
mejor-caso-DP,6500,2000,DP,144.722
mejor-caso-DP,6500,2000,BT,73.5256
mejor-caso-DP,6500,2500,DP,181.3
mejor-caso-DP,6500,2500,BT,81.8284
mejor-caso-DP,6500,3000,DP,207.794
mejor-caso-DP,6500,3000,BT,85.6207
mejor-caso-DP,6500,3500,DP,232.585
mejor-caso-DP,6500,3500,BT,85.2493
mejor-caso-DP,6500,4000,DP,256.832
mejor-caso-DP,6500,4000,BT,81.055
mejor-caso-DP,6500,4500,DP,281.329
mejor-caso-DP,6500,4500,BT,72.7861
mejor-caso-DP,6500,5000,DP,291.905
mejor-caso-DP,6500,5000,BT,59.9812
mejor-caso-DP,6500,5500,DP,300.243
mejor-caso-DP,6500,5500,BT,44.0499
mejor-caso-DP,6500,6000,DP,310.57
mejor-caso-DP,6500,6000,BT,23.6206
mejor-caso-DP,6500,6500,DP,328.023
mejor-caso-DP,6500,6500,BT,0.132141
mejor-caso-DP,6500,7000,DP,318.452
mejor-caso-DP,6500,7000,BT,0.134826
mejor-caso-DP,6500,7500,DP,333.098
mejor-caso-DP,6500,7500,BT,0.129235
mejor-caso-DP,7000,1000,DP,74.9474
mejor-caso-DP,7000,1000,BT,49.3981
mejor-caso-DP,7000,1500,DP,113.603
mejor-caso-DP,7000,1500,BT,67.9691
mejor-caso-DP,7000,2000,DP,157.746
mejor-caso-DP,7000,2000,BT,82.3757
mejor-caso-DP,7000,2500,DP,194.924
mejor-caso-DP,7000,2500,BT,91.926
mejor-caso-DP,7000,3000,DP,225.938
mejor-caso-DP,7000,3000,BT,97.5242
mejor-caso-DP,7000,3500,DP,255.131
mejor-caso-DP,7000,3500,BT,99.4668
mejor-caso-DP,7000,4000,DP,288.801
mejor-caso-DP,7000,4000,BT,97.9556
mejor-caso-DP,7000,4500,DP,316.542
mejor-caso-DP,7000,4500,BT,90.9074
mejor-caso-DP,7000,5000,DP,332.537
mejor-caso-DP,7000,5000,BT,80.5281
mejor-caso-DP,7000,5500,DP,340.668
mejor-caso-DP,7000,5500,BT,66.6807
mejor-caso-DP,7000,6000,DP,361.351
mejor-caso-DP,7000,6000,BT,48.1069
mejor-caso-DP,7000,6500,DP,372.442
mejor-caso-DP,7000,6500,BT,25.655
mejor-caso-DP,7000,7000,DP,377.798
mejor-caso-DP,7000,7000,BT,0.145326
mejor-caso-DP,7000,7500,DP,375.491
mejor-caso-DP,7000,7500,BT,0.14164
mejor-caso-DP,7500,1000,DP,80.8716
mejor-caso-DP,7500,1000,BT,53.5274
mejor-caso-DP,7500,1500,DP,127.095
mejor-caso-DP,7500,1500,BT,74.8741
mejor-caso-DP,7500,2000,DP,171.182
mejor-caso-DP,7500,2000,BT,90.9024
mejor-caso-DP,7500,2500,DP,215.879
mejor-caso-DP,7500,2500,BT,103.776
mejor-caso-DP,7500,3000,DP,255.172
mejor-caso-DP,7500,3000,BT,110.824
mejor-caso-DP,7500,3500,DP,286.658
mejor-caso-DP,7500,3500,BT,114.044
mejor-caso-DP,7500,4000,DP,311.695
mejor-caso-DP,7500,4000,BT,114.801
mejor-caso-DP,7500,4500,DP,343.199
mejor-caso-DP,7500,4500,BT,110.275
mejor-caso-DP,7500,5000,DP,361.22
mejor-caso-DP,7500,5000,BT,101.204
mejor-caso-DP,7500,5500,DP,385.489
mejor-caso-DP,7500,5500,BT,88.4566
mejor-caso-DP,7500,6000,DP,411.682
mejor-caso-DP,7500,6000,BT,72.4465
mejor-caso-DP,7500,6500,DP,411.293
mejor-caso-DP,7500,6500,BT,51.9822
mejor-caso-DP,7500,7000,DP,424.331
mejor-caso-DP,7500,7000,BT,27.7715
mejor-caso-DP,7500,7500,DP,429.583
mejor-caso-DP,7500,7500,BT,0.153852
entran-muchos-BT,1,9,DP,0.001221
entran-muchos-BT,1,9,BT,0.00077
entran-muchos-BT,2,18,DP,0.00141
entran-muchos-BT,2,18,BT,0.000793
entran-muchos-BT,3,28,DP,0.00156
entran-muchos-BT,3,28,BT,0.000829
entran-muchos-BT,4,37,DP,0.001709
entran-muchos-BT,4,37,BT,0.000819
entran-muchos-BT,5,45,DP,0.001882
entran-muchos-BT,5,45,BT,0.000847
entran-muchos-BT,6,57,DP,0.002143
entran-muchos-BT,6,57,BT,0.000851
entran-muchos-BT,7,69,DP,0.003178
entran-muchos-BT,7,69,BT,0.000875
entran-muchos-BT,8,75,DP,0.003458
entran-muchos-BT,8,75,BT,0.001068
entran-muchos-BT,9,82,DP,0.003855
entran-muchos-BT,9,82,BT,0.001084
entran-muchos-BT,10,92,DP,0.004028
entran-muchos-BT,10,92,BT,0.00115
entran-muchos-BT,11,104,DP,0.005542
entran-muchos-BT,11,104,BT,0.001208
entran-muchos-BT,12,115,DP,0.005978
entran-muchos-BT,12,115,BT,0.001226
entran-muchos-BT,13,118,DP,0.005927
entran-muchos-BT,13,118,BT,0.001266
entran-muchos-BT,14,139,DP,0.007015
entran-muchos-BT,14,139,BT,0.002915
entran-muchos-BT,15,148,DP,0.008944
entran-muchos-BT,15,148,BT,0.003174
entran-muchos-BT,16,144,DP,0.008614
entran-muchos-BT,16,144,BT,0.003902
entran-muchos-BT,17,167,DP,0.010387
entran-muchos-BT,17,167,BT,0.004974
entran-muchos-BT,18,172,DP,0.010502
entran-muchos-BT,18,172,BT,0.004738
entran-muchos-BT,19,185,DP,0.014528
entran-muchos-BT,19,185,BT,0.006635
entran-muchos-BT,20,193,DP,0.015888
entran-muchos-BT,20,193,BT,0.023965
entran-muchos-BT,21,200,DP,0.014356
entran-muchos-BT,21,200,BT,0.027421
entran-muchos-BT,22,213,DP,0.018678
entran-muchos-BT,22,213,BT,0.008722
entran-muchos-BT,23,213,DP,0.017781
entran-muchos-BT,23,213,BT,0.039135
entran-muchos-BT,24,229,DP,0.021541
entran-muchos-BT,24,229,BT,0.048029
entran-muchos-BT,25,234,DP,0.024151
entran-muchos-BT,25,234,BT,0.053734
entran-muchos-BT,26,241,DP,0.023074
entran-muchos-BT,26,241,BT,0.066231
entran-muchos-BT,27,268,DP,0.030912
entran-muchos-BT,27,268,BT,0.07786
entran-muchos-BT,28,268,DP,0.031324
entran-muchos-BT,28,268,BT,0.090765
entran-muchos-BT,29,268,DP,0.028013
entran-muchos-BT,29,268,BT,0.105461
entran-muchos-BT,30,295,DP,0.040398
entran-muchos-BT,30,295,BT,2.19916
entran-muchos-BT,31,293,DP,0.037236
entran-muchos-BT,31,293,BT,0.727046
entran-muchos-BT,32,294,DP,0.038125
entran-muchos-BT,32,294,BT,0.843156
entran-muchos-BT,33,321,DP,0.044166
entran-muchos-BT,33,321,BT,3.76547
entran-muchos-BT,34,334,DP,0.048431
entran-muchos-BT,34,334,BT,5.67769
entran-muchos-BT,35,339,DP,0.052719
entran-muchos-BT,35,339,BT,6.66891
entran-muchos-BT,36,348,DP,0.052217
entran-muchos-BT,36,348,BT,1.67924
entran-muchos-BT,37,352,DP,0.055149
entran-muchos-BT,37,352,BT,20.2637
entran-muchos-BT,38,365,DP,0.05783
entran-muchos-BT,38,365,BT,55.5304
entran-muchos-BT,39,366,DP,0.059275
entran-muchos-BT,39,366,BT,13.6487
entran-muchos-BT,40,382,DP,0.062597
entran-muchos-BT,40,382,BT,82.1292
entran-muchos-BT,41,399,DP,0.072107
entran-muchos-BT,41,399,BT,327.287
entran-muchos-BT,42,387,DP,0.066071
entran-muchos-BT,42,387,BT,113.301
entran-muchos-BT,43,402,DP,0.074923
entran-muchos-BT,43,402,BT,135.35
entran-muchos-BT,44,407,DP,0.080181
entran-muchos-BT,44,407,BT,732.817
entran-muchos-BT,45,423,DP,0.08324
entran-muchos-BT,45,423,BT,933.068
entran-muchos-BT,46,415,DP,0.079282
entran-muchos-BT,46,415,BT,1101.46
entran-muchos-BT,47,436,DP,0.092675
entran-muchos-BT,47,436,BT,1321.09
entran-muchos-BT,48,447,DP,0.096416
entran-muchos-BT,48,447,BT,1610.94
entran-muchos-BT,49,452,DP,0.095696
entran-muchos-BT,49,452,BT,8906.6
entran-pocos-BT,1,9,DP,0.001245
entran-pocos-BT,1,9,BT,0.000778
entran-pocos-BT,2,18,DP,0.001385
entran-pocos-BT,2,18,BT,0.000784
entran-pocos-BT,3,28,DP,0.001488
entran-pocos-BT,3,28,BT,0.00078
entran-pocos-BT,4,36,DP,0.001616
entran-pocos-BT,4,36,BT,0.000788
entran-pocos-BT,5,45,DP,0.001791
entran-pocos-BT,5,45,BT,0.000834
entran-pocos-BT,6,58,DP,0.001978
entran-pocos-BT,6,58,BT,0.000842
entran-pocos-BT,7,64,DP,0.002805
entran-pocos-BT,7,64,BT,0.000796
entran-pocos-BT,8,78,DP,0.002939
entran-pocos-BT,8,78,BT,0.000816
entran-pocos-BT,9,85,DP,0.003035
entran-pocos-BT,9,85,BT,0.000802
entran-pocos-BT,10,94,DP,0.003162
entran-pocos-BT,10,94,BT,0.000828
entran-pocos-BT,11,105,DP,0.004245
entran-pocos-BT,11,105,BT,0.001103
entran-pocos-BT,12,117,DP,0.00438
entran-pocos-BT,12,117,BT,0.001183
entran-pocos-BT,13,129,DP,0.004679
entran-pocos-BT,13,129,BT,0.00121
entran-pocos-BT,14,130,DP,0.004667
entran-pocos-BT,14,130,BT,0.001268
entran-pocos-BT,15,144,DP,0.005612
entran-pocos-BT,15,144,BT,0.001299
entran-pocos-BT,16,157,DP,0.006463
entran-pocos-BT,16,157,BT,0.001363
entran-pocos-BT,17,165,DP,0.006862
entran-pocos-BT,17,165,BT,0.001401
entran-pocos-BT,18,175,DP,0.006873
entran-pocos-BT,18,175,BT,0.001469
entran-pocos-BT,19,174,DP,0.007669
entran-pocos-BT,19,174,BT,0.001564
entran-pocos-BT,20,184,DP,0.007818
entran-pocos-BT,20,184,BT,0.001663
entran-pocos-BT,21,203,DP,0.010108
entran-pocos-BT,21,203,BT,0.005024
entran-pocos-BT,22,200,DP,0.010616
entran-pocos-BT,22,200,BT,0.006658
entran-pocos-BT,23,211,DP,0.012265
entran-pocos-BT,23,211,BT,0.007607
entran-pocos-BT,24,227,DP,0.012929
entran-pocos-BT,24,227,BT,0.008512
entran-pocos-BT,25,242,DP,0.014481
entran-pocos-BT,25,242,BT,0.009622
entran-pocos-BT,26,242,DP,0.014194
entran-pocos-BT,26,242,BT,0.010741
entran-pocos-BT,27,255,DP,0.015561
entran-pocos-BT,27,255,BT,0.012213
entran-pocos-BT,28,255,DP,0.015692
entran-pocos-BT,28,255,BT,0.013527
entran-pocos-BT,29,279,DP,0.017036
entran-pocos-BT,29,279,BT,0.015651
entran-pocos-BT,30,291,DP,0.017732
entran-pocos-BT,30,291,BT,0.017111
entran-pocos-BT,31,280,DP,0.019466
entran-pocos-BT,31,280,BT,0.02622
entran-pocos-BT,32,297,DP,0.023807
entran-pocos-BT,32,297,BT,0.122212
entran-pocos-BT,33,303,DP,0.024845
entran-pocos-BT,33,303,BT,0.153545
entran-pocos-BT,34,338,DP,0.029089
entran-pocos-BT,34,338,BT,0.172951
entran-pocos-BT,35,342,DP,0.029743
entran-pocos-BT,35,342,BT,0.205452
entran-pocos-BT,36,357,DP,0.030226
entran-pocos-BT,36,357,BT,0.23383
entran-pocos-BT,37,344,DP,0.028392
entran-pocos-BT,37,344,BT,0.265398
entran-pocos-BT,38,371,DP,0.033033
entran-pocos-BT,38,371,BT,0.298732
entran-pocos-BT,39,362,DP,0.032556
entran-pocos-BT,39,362,BT,0.341987
entran-pocos-BT,40,372,DP,0.033784
entran-pocos-BT,40,372,BT,0.3847
entran-pocos-BT,41,407,DP,0.036681
entran-pocos-BT,41,407,BT,0.433688
entran-pocos-BT,42,400,DP,0.041203
entran-pocos-BT,42,400,BT,1.23922
entran-pocos-BT,43,425,DP,0.049045
entran-pocos-BT,43,425,BT,3.5341
entran-pocos-BT,44,407,DP,0.046826
entran-pocos-BT,44,407,BT,4.29109
entran-pocos-BT,45,415,DP,0.048884
entran-pocos-BT,45,415,BT,4.86586
entran-pocos-BT,46,445,DP,0.051839
entran-pocos-BT,46,445,BT,5.53875
entran-pocos-BT,47,438,DP,0.056002
entran-pocos-BT,47,438,BT,6.28397
entran-pocos-BT,48,459,DP,0.058333
entran-pocos-BT,48,459,BT,7.14539
entran-pocos-BT,49,459,DP,0.056273
entran-pocos-BT,49,459,BT,8.00141
peor-caso-BT,1,9,DP,0.001254
peor-caso-BT,1,9,BT,0.000779
peor-caso-BT,2,18,DP,0.001382
peor-caso-BT,2,18,BT,0.000826
peor-caso-BT,3,29,DP,0.001579
peor-caso-BT,3,29,BT,0.000888
peor-caso-BT,4,37,DP,0.001705
peor-caso-BT,4,37,BT,0.000906
peor-caso-BT,5,45,DP,0.001883
peor-caso-BT,5,45,BT,0.000951
peor-caso-BT,6,58,DP,0.002177
peor-caso-BT,6,58,BT,0.001072
peor-caso-BT,7,67,DP,0.003287
peor-caso-BT,7,67,BT,0.001198
peor-caso-BT,8,74,DP,0.003394
peor-caso-BT,8,74,BT,0.001539
peor-caso-BT,9,86,DP,0.00433
peor-caso-BT,9,86,BT,0.002032
peor-caso-BT,10,95,DP,0.004328
peor-caso-BT,10,95,BT,0.002334
peor-caso-BT,11,103,DP,0.005905
peor-caso-BT,11,103,BT,0.003785
peor-caso-BT,12,108,DP,0.006906
peor-caso-BT,12,108,BT,0.005693
peor-caso-BT,13,127,DP,0.007942
peor-caso-BT,13,127,BT,0.009045
peor-caso-BT,14,126,DP,0.009867
peor-caso-BT,14,126,BT,0.014691
peor-caso-BT,15,139,DP,0.010981
peor-caso-BT,15,139,BT,0.027259
peor-caso-BT,16,152,DP,0.012705
peor-caso-BT,16,152,BT,0.045533
peor-caso-BT,17,163,DP,0.01708
peor-caso-BT,17,163,BT,0.075524
peor-caso-BT,18,178,DP,0.01722
peor-caso-BT,18,178,BT,0.199182
peor-caso-BT,19,189,DP,0.018594
peor-caso-BT,19,189,BT,0.288828
peor-caso-BT,20,195,DP,0.021828
peor-caso-BT,20,195,BT,0.516974
peor-caso-BT,21,197,DP,0.024927
peor-caso-BT,21,197,BT,1.06375
peor-caso-BT,22,209,DP,0.025849
peor-caso-BT,22,209,BT,2.47075
peor-caso-BT,23,222,DP,0.031371
peor-caso-BT,23,222,BT,4.01754
peor-caso-BT,24,233,DP,0.030729
peor-caso-BT,24,233,BT,7.5648
peor-caso-BT,25,228,DP,0.034524
peor-caso-BT,25,228,BT,13.6216
